DepartmentTitle,ProblemType,ProblemTitle,Response,NetMedia
همه دپارتمان ها,پشتیبانی فنی و فروش TD-LTE,انجام تنظیمات مودم  به صورت تلفنی,مشترک جهت انجام تنظیمات مودم  به صورت تلفنی راهنمایی شدند,TD-LTE
همه دپارتمان ها,پشتیبانی فنی و فروش TD-LTE,قطعی اینترنت,بررسی عدم اختلال\r\nتحت پوشش بودن و عدم جا به جا شدن مودم از محل نصب اولیه\r\nبررسی لاگ کانکشن مشترک\r\nبررسی وضعیت چراغ Status مودم\r\nبررسی وضعیت روز و حجم مشترک\r\nمودم خاموش و روشن شد\r\nریست ریکانفیگ,TD-LTE
همه دپارتمان ها,پشتیبانی فنی و فروش TD-LTE,کندی سرعت,بررسی وضعیت نمایشگرهای آنتن مودم  راهنمایی مشترک جهت قراردادن مودم در نقطه نصب اولیه \r\nراهنمایی جهت جا به جا کردن مودم و پیدا کردن بهترین قسمت از لحاظ پوشش دهی\r\nتست سرعت پیشگامان و بررسی سرعت دریافتی\r\n\r\n*سرعت دریافتی بالای 1 مگ بود.توضیحات مبنی بر عدم وجود مشکل به مشترک ارائه گردید.\r\n\r\n*سرعت دریافتی زیر 1 مگ بود.تیکت با شماره             برای واحد CS ثبت گردید.\r\n\r\n,TD-LTE
همه دپارتمان ها,پشتیبانی فنی و فروش TD-LTE,قطع و وصلی,بررسی کانکشن لاگ مشترک\r\nوضعیت نمایشگرهای آنتن روی مودم\r\nاستیبل کردن مودم در بهترین محل\r\nمانیتورینگ یک ساعته...\r\n\r\n*مانیتور شد مشکل برطرف نشده است.\r\nنرم افزار LteWatcher جهت بررسی پارامترها نصب گردید.جهت بررسی بیشتر به همراه مختصات جغرافیایی محل مشترک برای واحد CS با شماره            تیکت شد.,TD-LTE
همه دپارتمان ها,پشتیبانی فنی و فروش TD-LTE,قطعی وایرلس مودم,بررسی چراغ وایرلس مودم\r\nروشن بودن وایرلس دیوایس مشترک\r\nبررسی نمایش اسم وایرلس\r\nفراموش کردن و اضافه کردن مجدد SSID \r\n بررسی رمز وایرلس مودم\r\n تنظیمات مجدد وایرلس مودم\r\n,TD-LTE
همه دپارتمان ها,پشتیبانی فنی و فروش TD-LTE,قطع و وصلی وایرلس,بررسی نمایش اسم وایرلس مودم/ بررسی TCP/IP / با سایر دستگاه ها بررسی شد/ فراموش کردن و اضافه کردن مجدد SSID  انجام شد/ تغییر به چنل های تمیز/در حال مانیتورینگ,TD-LTE
همه دپارتمان ها,پشتیبانی فنی و فروش TD-LTE,تمدید و تغییر سرویس,تعرفه ها به مشترک اعلام شد\r\nاعلام شماره کارت\r\nراهنمایی در مورد روش های پرداخت صورت گرفت/,TD-LTE
همه دپارتمان ها,پشتیبانی فنی و فروش TD-LTE,خرید ترافیک,تعرفه ها به مشترک اعلام شد\r\nاعلام شماره کارت\r\nراهنمایی در مورد روش های پرداخت صورت گرفت/,TD-LTE
همه دپارتمان ها,پشتیبانی فنی و فروش TD-LTE,خرید IP,تعرفه ها به مشترک اعلام شد\r\nاعلام شماره کارت\r\nراهنمایی در مورد روش های پرداخت صورت گرفت\r\n,TD-LTE
همه دپارتمان ها,پشتیبانی فنی و فروش TD-LTE,ثبت واریزی,اطلاعات واریزی مشترک ثبت گردید\r\nتصویر فیش واریزی در پنل مشترک آپلود گردید\r\nسرویس جدید رزرو شد,TD-LTE
همه دپارتمان ها,پشتیبانی فنی و فروش TD-LTE,اعلام اطلاعات کاربری,اعلام/ارسال نام کاربری و رمزعبور پنل\r\nاعلام/ارسال نام کاربری و رمزعبور اینترنت\r\nاعلام باقی مانده سرویس/ترافیک\r\nاعلام باقی مانده زمان IP,TD-LTE
همه دپارتمان ها,پشتیبانی فنی و فروش TD-LTE,درخواست برگشت از فروش,\r\n,TD-LTE
همه دپارتمان ها,پشتیبانی فنی و فروش TD-LTE,اختلال,,TD-LTE
همه دپارتمان ها,پشتیبانی فنی و فروش TD-LTE,درخواست/پیگیری جبران خسارت-SLA,,TD-LTE
همه دپارتمان ها,پشتیبانی فنی و فروش TD-LTE,مشکلات شاهکار,,TD-LTE
همه دپارتمان ها,پشتیبانی فنی و فروش TD-LTE,مغایرت مالی,,TD-LTE
همه دپارتمان ها,پشتیبانی فنی و فروش TD-LTE,اعلام زمان/ ترافیک باقی مانده,,TD-LTE
همه دپارتمان ها,پشتیبانی فنی و فروش TD-LTE,انتقال اعتبار,,TD-LTE
همه دپارتمان ها,پشتیبانی فنی و فروش TD-LTE,درخواست فاکتور رسمی,,TD-LTE
همه دپارتمان ها,پشتیبانی فنی و فروش TD-LTE,اعمال آغاز دوره,,TD-LTE
همه دپارتمان ها,پشتیبانی فنی و فروش TD-LTE,اعمال شارژ رایگان,,TD-LTE
همه دپارتمان ها,پشتیبانی فنی و فروش TD-LTE,اعلام شماره کارت / همراه,,TD-LTE
همه دپارتمان ها,پشتیبانی فنی و فروش TD-LTE,پیگیری ارسال مودم,,TD-LTE
همه دپارتمان ها,پشتیبانی فنی و فروش TD-LTE,انتقال تماس به واحد دیگر,,TD-LTE
همه دپارتمان ها,پشتیبانی فنی و فروش TD-LTE,نوسان پینگ/مشکل در بازی آنلاین,,TD-LTE
واحد پشتیبانی,مشکلات فنی ADSL,لینک خاموش/چشمک زن است,بررسی بوق\r\nبررسی روشن و متصل بودن مودم\r\nسلت گرفته شد\r\nاستیت پورت enable است\r\nپورت مشترک ریست شد\r\nایزوله سازی\r\nچک داخلی ها(بررسی با سیم دیگر و پریز دیگر)\r\nتغییر پروفایل به 512\r\nبررسی سرخط پیشنهاد کارشناس حضوری داده شد,ADSL
واحد پشتیبانی,مشکلات فنی ADSL,پارامترهای خطی,بررسی بوق\r\nبررسی سلت و فاصله تا مرکز\r\nایزوله سازی\r\nچک داخلی ها\r\nبررسی سرخط\r\n ثبت پارامترهای کیفی \r\n مانیتورینگ,ADSL
واحد پشتیبانی,مشکلات فنی ADSL,قطعی اینترنت ( PPPOE ),بررسی عدم اختلال مرکز\r\nبررسی لاگ ها\r\nمودم خاموش/روشن شد\r\nبررسی VLAN\r\n ریست ریکانفیگ\r\n بررسی با بریج \r\n ADD MAC \r\n VPI/VCI,ADSL
واحد پشتیبانی,مشکلات فنی ADSL,قطعی وایرلس مودم,بررسی چراغ وایرلس مودم\r\nروشن بودن وایرلس دیوایس مشترک\r\nبررسی نمایش اسم وایرلس\r\nفراموش کردن و اضافه کردن مجدد SSID \r\n بررسی رمز وایرلس مودم\r\n تنظیمات مجدد وایرلس مودم\r\n,ADSL
واحد پشتیبانی,مشکلات فنی ADSL,قطع و وصلی لینک,اتصالات برق مودم بررسی شد/سلت بررسی شد/آپ تایم کارت و DSLAM بررسی شد/پارامترهای کیفی چک شد/ارسال بوق انجام شد/بررسی ایزوله و تست های داخلی انجام شد/مقرر گردید از سرخط بررسی شود/در حال مانیتورینگ,ADSL
واحد پشتیبانی,مشکلات فنی ADSL,قطع و وصلی اینترنت ( PPPOE ),UPTIME لینک و زمان آنلاین بودن بررسی شد/ لاگ ها در ریزمصرف چک شد/پارامترها بررسی شد/  غیرفعال شدNTP / ریست و ریکانفیگ انجام شد/ مقرر شد با مودم تست بررسی شود/ بریج تست شدخطای ......مشاهده شد/در حال  مانیتورینگ,ADSL
واحد پشتیبانی,مشکلات فنی ADSL,قطع و وصلی وایرلس مودم,بررسی نمایش اسم وایرلس مودم/ بررسی TCP/IP / با سایر دستگاه ها بررسی شد/ فراموش کردن و اضافه کردن مجدد SSID  انجام شد/ تغییر به چنل های تمیز/در حال مانیتورینگ,ADSL
واحد پشتیبانی,مشکلات فنی ADSL,افت سرعت,بررسی پارامترهای کیفی\r\nپراکسی نداشتند \r\n VPN استفاده نمیکردند \r\n کیو بررسی شد\r\n تست سرعت پیشگامان انجام شد \r\n تست دانلود از طریق دانلود منیجر انجام شد \r\n\r\n پروفایل مشترک بررسی شد و به حالت فست تغییر پیدا کرد\r\n کش نرم افزار مربوطه بررسی و پاک شد\r\nپینگ 8.8.8.8 بررسی شد\r\n پینگ تایم مودم بررسی شد\r\n بررسی پینگ نودهای مختلف و DNS پیشگامان  تریس گرفته شد\r\n وضعیت سرور بازی چک شد\r\n میزان مصرف منابع سیستم مشترک بررسی شد\r\n مستندات طی تیکت شماره ........ به واحد شبکه ارجاع داده شد\r\n,ADSL
واحد پشتیبانی,مشکلات فنی ADSL,عدم باز کردن صفحه ( ONLINE ),شبکه داخلی ندارند\r\nوضعیت پینگ بررسی شد \r\n تریس گرفته شد\r\n پراکسی مرورگر و سیستم مشترک بررسی شد\r\nKILL USER \r\nمشکل باز کردن سایت ................ دارند,ADSL
واحد پشتیبانی,مشکلات فنی ADSL,اختلالات,اختلال مرکز - دعوت به صبوری شدند \r\n اختلال پهناباند-دعوت به صبوری شدند\r\n اختلال بر روی 8.8.8.8 و 4.2.2.4 بر روی برخی رنج ها \r\n برگردان مرکز -توضیحات به مشترک ارائه شد،بوق خط بررسی شد،سلت و استیت پورت بررسی شد،به صورت ایزوله بررسی شد,ADSL
واحد پشتیبانی,مشکلات فنی ADSL,نصب اولیه,تنظیمات مودم انجام شد\r\n وضعیت لینک مشترک بررسی شد.پارامترها در هنگام تحویل سرویس : \r\nعدم رانژه،تست متراژ مشترک مشترک :\r\nمشکل VLAN-به واحد مربوطه ارجاع داده شد\r\n مودم روی بریج تست شد\r\n درخواست VPI/VCI داشتند که به ایشان اعلام شد,ADSL
واحد پشتیبانی,مشکلات فنی ADSL,درخواست کارشناس حضوری,مشترک جهت بررسی مشکل ............ درخواست کارشناس حضوری دارند.,ADSL
واحد پشتیبانی,مشکلات فنی ADSL,قطعی اینترنت ( PPPOE ),بررسی عدم اختلال مرکز\r\nبررسی لاگ ها\r\nمودم خاموش و روشن شد \r\nبررسی VLAN \r\n ریست و ریکانفیگ\r\n بررسی با بریج \r\nADD MAC,ADSL
واحد پشتیبانی,مشکلات فنی ADSL,ADD MAC,درخواست اضافه کردن مک دیگری داشتند.بعد از احراز هویت انجام شد.,ADSL
واحد پشتیبانی,مشکلات فنی ADSL,درخواست/پیگیری جبران خسارت-SLA,,ADSL
واحد پشتیبانی,مشکلات فنی ADSL,نوسان پینگ/مشکل در بازی آنلاین,,ADSL
همه دپارتمان ها,پشتیبانی فروش ADSL,تمدید و تغییر سرویس,تعرفه ها به مشترک اعلام شد\r\nاعلام شماره کارت\r\nراهنمایی در مورد روش های پرداخت صورت گرفت/,ADSL
همه دپارتمان ها,پشتیبانی فروش ADSL,ثبت واریزی,اطلاعات واریزی مشترک ثبت گردید\r\nتصویر فیش واریزی در پنل مشترک آپلود گردید\r\nسرویس جدید رزرو شد,ADSL
همه دپارتمان ها,پشتیبانی فروش ADSL,ساکن جدید,جهت ارسال مدارک راهنمایی شدند \r\n درمورد تعرفه ها اطلاع رسانی انجام شد \r\nجهت ورود به پنل کاربری و خرید سرویس راهنمایی شدند \r\n جهت فروش جشنواره به واحد مراقبت ارجاع داده شدند\r\nجهت تغییر مسول فروش به واحد امور نمایندگان ارجاع داده شدند,ADSL
همه دپارتمان ها,پشتیبانی فروش ADSL,خرید ترافیک,تعرفه ها به مشترک اعلام شد\r\nاعلام شماره کارت\r\nراهنمایی در مورد روش های پرداخت صورت گرفت/,ADSL
همه دپارتمان ها,پشتیبانی فروش ADSL,خرید IP,تعرفه ها به مشترک اعلام شد\r\nاعلام شماره کارت\r\nراهنمایی در مورد روش های پرداخت صورت گرفت\r\n,ADSL
همه دپارتمان ها,پشتیبانی فروش ADSL,مشکلات شاهکار,عدم تایید در شاهکار با خطای کد برگشتی به شماره : \r\n مشترک به علت ...... در شاهکار صحت سنجی نشده بودند.اقدامات لازم صورت گرفت\r\nکد شاهکار حذف شد\r\n کد شاهکار حذف و بعد از تکمیل اطلاعات مجددا دریافت شد\r\n مشترک جمع آوری کرده بودند و درخواست حذف شاهکار داشتند که انجام شد,ADSL
همه دپارتمان ها,پشتیبانی فروش ADSL,جمع آوری,مشترک درخواست جمع آوری به علت .................... داشتند \r\n\r\n مشترک از جمع آوری منصرف شدند \r\n جمع آوری اولیه ثبت شد با شماره : \r\n\r\nمشترک از ثابت|همراه تماس گرفتند و بعد از احراز هویت جمع آوری نهایی ثبت شد با شماره : \r\n\r\n مشترک به علت ............. درخواست جمع آوری صوری دارند.,ADSL
همه دپارتمان ها,پشتیبانی فروش ADSL,انتقال اعتبار,شماره جدید مشترک در سامانه بررسی شد،امکان دریافت سرویس ADSL دارند،ندارند / مشترک شرایط انتقال اعتبار نداشتند و جهت خرید سرویس بر روی خط جدید راهنمایی شدند / بابت ارسال مدارک مربوط به انتقال اعتبار و هزینه رانژه مجدد راهنمایی صورت گرفت / مدارک مشتری جهت انتقال اعتبار آپلود شد / هزینه رانژه مجدد ثبت شد و تصویر فیش در پنل کاربری آپلود گردید / اطلاعات مشترک بررسی و تکمیل شد / تیکت انتقال اعتبار ثبت گردید با شماره :,ADSL
همه دپارتمان ها,پشتیبانی فروش ADSL,راهنمایی در خصوص اطلاعات کاربری,اعلام نام کاربری و رمز عبور جهت تنظیمات مودم \r\nدرخواست تغییر/اعلام پسوورد پنل کاربری داشتند،پسوورد ریست و برای مشترک پیامک شد /,ADSL
همه دپارتمان ها,پشتیبانی فروش ADSL,درخواست فاکتور رسمی,مشترک درخواست فاکتور رسمی داشتند.درخواست فاکتور رسمی برای ایشان ثبت شد با شماره : \r\n\r\n مدارک لازم جهت دریافت فاکتور رسمی به مشترک اعلام شد \r\n\r\n مشترک مدارک مربوط به فاکتور رسمی را ارسال کردند که در پنل کاربری و همینطور تیکت مربوطه با شماره ............ آپلود گردید,ADSL
همه دپارتمان ها,پشتیبانی فروش ADSL,عودت وجه,مشترک درخواست عودت وجه سرویس به علت ............ داشتند.به واحد مربوطه ارجاع داده شد با شماره تیکت :\r\n\r\n مشترک درخواست عودت وجه سرویس اولیه را داشتند.به واحد فروش اولیه ارجاع داده شدند \r\n\r\n مشترک به علت مشکلات فنی سرویس درخواست عودت وجه داشتند.به واحد مربوطه ارجاع داده شد با شماره تیکت : \r\n\r\n مشترک درخواست عودت وجه به دلیل اشتباه در واریز داشتند.به واحد مربوطه ارجاع داده شد با شماره تیکت :,ADSL
همه دپارتمان ها,پشتیبانی فروش ADSL,اتمام زمان،ترافیک یا IP,,ADSL
همه دپارتمان ها,پشتیبانی فروش ADSL,اعمال آغاز دوره,,ADSL
همه دپارتمان ها,پشتیبانی فروش ADSL,اعمال شارژ رایگان,,ADSL
همه دپارتمان ها,پشتیبانی فروش ADSL,اعلام شماره کارت و همراه,,ADSL
همه دپارتمان ها,پشتیبانی فروش ADSL,انتقال تماس به واحد دیگر,,ADSL
همه دپارتمان ها,پشتیبانی فروش ADSL,اعلام زمان و ترافیک باقی مانده,اعلام زمان باقی مانده از سرویس \r\n اعلام ترافیک باقی مانده\r\n اعلام تاریخ انقضای IP,ADSL
همه دپارتمان ها,پشتیبانی فروش ADSL,مغایرت مالی,,ADSL
همه دپارتمان ها,پشتیبانی فروش ADSL,خرید | پیگیری ارسال مودم,,ADSL
همه دپارتمان ها,پشتیبانی فروش ADSL,جمع آوری-اعلام روال,,ADSL
همه دپارتمان ها,واحد نصب و پشتیبانی حضوری,نصب اولیه,مشترک درخواست کارشناس حضوری جهت انجام نصب اولیه داشتند و درخواست کارشناس ثبت شد با شماره  تیکت: \r\n\r\nمشترک درخواست ارسال اطلاعات کاربری جهت تنظیمات مودم| ورود به پنل کاربری داشتند \r\n\r\n نصب اولیه مشترک رایگان نیست و بابت پرداخت هزینه کارشناس راهنمایی انجام شد \r\n\r\nاعلام VPI/VCI,
همه دپارتمان ها,واحد نصب و پشتیبانی حضوری,پشتیبانی حضوری,مشترک درخواست کارشناس حضوری داشتند.جهت پرداخت هزینه کارشناس راهنمایی صورت گرفت \r\n\r\n مشترک جهت پیگیری زمان مراجعه کارشناس تماس گرفته بودند.اطلاعات لازم در اختیار ایشان قرار گرفت,
همه دپارتمان ها,واحد نصب و پشتیبانی حضوری,تماس کارشناس حضوری در محل,کارشناس حضوری در محل آقای ............... تماس گرفتند.بررسی با ایشان صورت گرفت.پارامترهای خطی مشترک در زمان تحویل سرویس : \r\n\r\n کارشناس حضوری در محل آقای ............... تماس گرفتند.بررسی با ایشان صورت گرفت.مقرر گردید سرخط مشترک را بررسی فرمایند و مجددا تماس بگیرند\r\n\r\nکارشناس حضوری در محل آقای ............... تماس گرفتند.مشترک مشکل پارامترهای خطی داشتند.تیکت مراجعه به مرکز ثبت گردید با شماره:\r\n\r\n کارشناس حضوری در محل آقای ............... تماس گرفتند و فرمودند مشترک در محل حاضر نبوده اند \r\n\r\n کارشناس حضوری در محل آقای ............... تماس گرفتند.نصب سرویس LTE انجام شد و سرویس تحویل داده شد\r\n\r\n کارشناس حضوری در محل آقای ............... تماس گرفتند.عدم سرویس دهی مطلوب مودم LTE،فرم خرابی مربوط به LTE  تکمیل گردید و به واحد مربوطه ارجاع داده شد با شماره :,
همه دپارتمان ها,واحد نصب و پشتیبانی حضوری,ثبت کارشناس حضوری,با مشترک جهت اعلام برقراری سرویس و پیشنهاد کارشناس حضوری در صورت نیاز تماس گرفته شد / مشترک فرمودند نیازی به حضور کارشناس ندارند و نصب توسط مشتری انجام میشود /با مشترک جهت پرداخت هزینه کارشناس تماس گرفته شد و اطلاع رسانی لازم صورت گرفت / با کارشناس جهت مراجعه در اسرع وقت تماس گرفته شد.فرمودند : / مشترک پاسخگو نبودند / عدم پاسخگویی کارشناس /مشترک درخواست کارشناس حضوری جهت انجام نصب اولیه داشتند و درخواست کارشناس ثبت شد با شماره  تیکت: / باتوجه به رایگان نبودن نصب اولیه،جهت پرداخت هزینه کارشناس راهنمایی شدند,
همه دپارتمان ها,واحد نصب و پشتیبانی حضوری,ارسال مودم,باتوجه به خرید مودم توسط مشترک،هماهنگی ارسال مودم انجام شد /,
همه دپارتمان ها,BW-تنظیمات رادیو مشترک,پورت فوروارد,,WIRELESS
همه دپارتمان ها,BW-تنظیمات رادیو مشترک,رادیو بریج,رادیو به درخواست مشترک بریج شد,WIRELESS
همه دپارتمان ها,BW-تنظیمات رادیو مشترک,Change MSS,,WIRELESS
همه دپارتمان ها,BW-تنظیمات رادیو مشترک,DHCP Server,,WIRELESS
همه دپارتمان ها,BW-تنظیمات رادیو مشترک,تنظیمات مودم مشترک,تغییر رمز وایرلس / تغییر کانال وایرلس / کانفیگ مودم,WIRELESS
همه دپارتمان ها,BW-تنظیمات رادیو مشترک,DNS,,WIRELESS
همه دپارتمان ها,BW-تنظیمات رادیو مشترک,IP Address Range,,WIRELESS
همه دپارتمان ها,BW-تنظیمات رادیو مشترک,Set PPPoE,,WIRELESS
همه دپارتمان ها,BW-تنظیمات رادیو مشترک,تغییرات خاص به خواست مشترک,,WIRELESS
همه دپارتمان ها,BW-قطعی,قطعی روتر پاپ سایت,,WIRELESS
همه دپارتمان ها,BW-قطعی,قطعی AP,,WIRELESS
همه دپارتمان ها,BW-قطعی,قطعی ST,,WIRELESS
همه دپارتمان ها,BW-قطعی,اختلال سراسری,,WIRELESS
همه دپارتمان ها,BW-قطعی,ساب سرویس,,WIRELESS
همه دپارتمان ها,BW-قطعی,روی سایت خاص,مشکل از سایت مورد نظر مشترک بود به مشترک اطلاع رسانی شد/به واحد کور اطلاع رسانی شد با شماره تیکت,WIRELESS
همه دپارتمان ها,BW-قطعی,فیلتر شکن,مشکل از فیلتر شکن مشترک بود به مشترک اطلاع رسانی شد/مشکل از پروکسی بود بررسی شد مشکل رفع شد,WIRELESS
همه دپارتمان ها,BW-قطعی,قطعی اتر ST,,WIRELESS
همه دپارتمان ها,BW-قطعی,قطعی اتر AP,,WIRELESS
همه دپارتمان ها,BW-قطعی,مشکل رنج IP,,WIRELESS
همه دپارتمان ها,BW-قطعی,قطعی PPPoE,,WIRELESS
همه دپارتمان ها,BW-قطعی,قطعی سوییچ پاپ سایت,,WIRELESS
همه دپارتمان ها,BW-قطعی,PoE / برق و اتصالات مشترک,,WIRELESS
همه دپارتمان ها,BW-افت سرعت,مشکل پهنای باند لینک,,WIRELESS
همه دپارتمان ها,BW-افت سرعت,افت سرعت سراسری,,WIRELESS
همه دپارتمان ها,BW-افت سرعت,آپ لینک سایت,,WIRELESS
همه دپارتمان ها,BW-افت سرعت,مشکل اتر ST,,WIRELESS
همه دپارتمان ها,BW-افت سرعت,مشکل سمت مشترک,,WIRELESS
همه دپارتمان ها,BW-افت سرعت,مشکل اتر AP,,WIRELESS
همه دپارتمان ها,BW-مالی,اتمام ترافیک,به مشترک اطلاع رسانی شد,WIRELESS
همه دپارتمان ها,BW-مالی,اتمام زمان سرویس,به مشترک اطلاع رسانی شد,WIRELESS
همه دپارتمان ها,BW-مالی,انتقال تماس به واحد فروش,به واحد فروش پهنای باند استان مربوطه ارجاع داده شد,WIRELESS
همه دپارتمان ها,BW-مالی,درخواست اطلاعات کاربری,اطلاعات کاربری به شماره همراه مشترک ارسال شد,WIRELESS
همه دپارتمان ها,BW-مالی,حذف جت کام,جت کام به درخواست مشترک حذف شد,WIRELESS
همه دپارتمان ها,BW-مالی,آغاز دوره سرویس جدید,به درخواست مشترک سرویس رزرو آغاز شد,WIRELESS
همه دپارتمان ها,BW-مالی,اضافه بر قرارداد,به درخواست مشترک اضافه برقرار داد ثبت شد,WIRELESS
همه دپارتمان ها,BW-مالی,مغایرت مالی,,WIRELESS
همه دپارتمان ها,BW-مالی,مشکلات شاهکار,,WIRELESS
همه دپارتمان ها,BW-مالی,ثبت واریزی,,WIRELESS
همه دپارتمان ها,BW-مالی,خرید ترافیک,,WIRELESS
همه دپارتمان ها,BW-مالی,خرید IP,,WIRELESS
همه دپارتمان ها,BW-مالی,اعلام زمان/ ترافیک باقی مانده,,WIRELESS
همه دپارتمان ها,BW-مالی,اعلام شماره کارت / همراه,,WIRELESS
همه دپارتمان ها,BW-مالی,درخواست فاکتور رسمی,,WIRELESS
همه دپارتمان ها,BW-مالی,انتقال تماس به واحد دیگر,,WIRELESS
همه دپارتمان ها,BW-مالی,تمدید و تغییر سرویس,,WIRELESS
همه دپارتمان ها,BW-مالی,ساکن جدید,,WIRELESS
همه دپارتمان ها,BW-مالی,اعمال شارژ رایگان,,WIRELESS
همه دپارتمان ها,Sale-فروش ADSL,تماس خروجی,,ADSL
همه دپارتمان ها,Sale-فروش ADSL,تماس ورودی,,ADSL
همه دپارتمان ها,Sale-فروش ADSL,انصراف بدلایل شخصی,,ADSL
همه دپارتمان ها,Sale-فروش ADSL,بی پاسخ,,ADSL
همه دپارتمان ها,Sale-فروش ADSL,نیاز به پیگیری مجدد,,ADSL
همه دپارتمان ها,Sale-فروش ADSL,عدم امکان ارائه خدمات (توقف فروش),,ADSL
همه دپارتمان ها,Sale-فروش ADSL,عدم امکان ارائه خدمات ( پیش شماره یافت نشد),,ADSL
همه دپارتمان ها,Sale-فروش ADSL,عدم امکان ارائه خدمات ( فیبر با پی سی ام),,ADSL
همه دپارتمان ها,Sale-فروش ADSL,به اینترنت همراه نیاز داشتند,,ADSL
همه دپارتمان ها,Sale-فروش ADSL,ارجاع به کارشناس مربوطه,,ADSL
همه دپارتمان ها,Sale-فروش ADSL,ثبت نام تکمیل شد,,ADSL
همه دپارتمان ها,Sale-فروش ADSL,در حال پیگیری جمع اوری هستند,,ADSL
همه دپارتمان ها,Sale-فروش ADSL,پس از تهیه مودم تماس میگیرند,,ADSL
همه دپارتمان ها,Sale-فروش ADSL,در حال جابجایی هستند,,ADSL
همه دپارتمان ها,Sale-فروش ADSL,اطلاعات نامعتبر,,ADSL
همه دپارتمان ها,Sale-فروش ADSL,انصراف نهایی-عدم پاسخگویی,,ADSL
همه دپارتمان ها,Sale-فروش ADSL,انصراف نهایی-عدم جمع آوری سرویس قبلی مشتری توسط شرکت رقیب,,ADSL
همه دپارتمان ها,Sale-فروش ADSL,انصراف نهایی-دریافت جشنواره از شرکت رقیب,,ADSL
همه دپارتمان ها,Sale-فروش ADSL,انصراف نهایی-مشکل مالی مشتری,,ADSL
همه دپارتمان ها,Sale-فروش ADSL,انصراف نهایی-فیبر و PCM,,ADSL
همه دپارتمان ها,Sale-فروش ADSL,انصراف نهایی-عدم تمایل به پیگیری مجدد,,ADSL
همه دپارتمان ها,Sale-فروش ADSL,انصراف نهایی-مشکل ثبت اطلاعات اتباع خارجه,,ADSL
همه دپارتمان ها,Sale-فروش ADSL,انصراف نهایی-دریافت توصیه منفی از اطرافیان,,ADSL
همه دپارتمان ها,Sale-فروش LTE,تماس خروجی,,TD-LTE
همه دپارتمان ها,Sale-فروش LTE,تماس ورودی,,TD-LTE
همه دپارتمان ها,Sale-فروش LTE,انصراف بدلایل شخصی,,TD-LTE
همه دپارتمان ها,Sale-فروش LTE,بی پاسخ,,TD-LTE
همه دپارتمان ها,Sale-فروش LTE,نیاز به پیگیری مجدد,,TD-LTE
همه دپارتمان ها,Sale-فروش LTE,عدم امکان ارائه خدمات ( عدم انتن دهی ),,TD-LTE
همه دپارتمان ها,Sale-فروش LTE,ارجاع به کارشناس مربوطه,,TD-LTE
همه دپارتمان ها,Sale-فروش LTE,ثبت نام تکمیل شد,,TD-LTE
همه دپارتمان ها,Sale-فروش LTE,انصراف نهایی-عدم پاسخگویی,,TD-LTE
همه دپارتمان ها,Sale-فروش LTE,انصراف نهایی-دریافت جشنواره از شرکت رقیب,,TD-LTE
همه دپارتمان ها,Sale-فروش LTE,انصراف نهایی-مشکل مالی مشتری,,TD-LTE
همه دپارتمان ها,Sale-فروش LTE,انصراف نهایی-عدم تمایل به پیگیری مجدد,,TD-LTE
همه دپارتمان ها,Sale-فروش LTE,انصراف نهایی-دریافت توصیه منفی از اطرافیان,,TD-LTE
همه دپارتمان ها,Sale-فروش LTE,انصراف نهایی-عدم تمایل به پرداخت هزینه قبل از امکان سنجی در محل,,TD-LTE
همه دپارتمان ها,Sale-فروش LTE,تماس ورودی,,TD-LTE
همه دپارتمان ها,Sale-فروش LTE,تماس خروجی,,TD-LTE
همه دپارتمان ها,Sale-عودت وجه,فرم عودت وجه تکمیل گردید,,
همه دپارتمان ها,Sale-عودت وجه,صفر کردن بستانکاری,,
همه دپارتمان ها,Sale-عودت وجه,برگشت از فروش سرویس,,
همه دپارتمان ها,Care-عدم تمدید ADSL,جا به جا شدند,,ADSL
همه دپارتمان ها,Care-عدم تمدید ADSL,هزینه سرویس ها,,ADSL
همه دپارتمان ها,Care-عدم تمدید ADSL,مشکلات فنی,,ADSL
همه دپارتمان ها,Care-عدم تمدید ADSL,دلایل شخصی,,ADSL
همه دپارتمان ها,Care-عدم تمدید ADSL,ساکن جدید-خط رانژه پیشگامان,,ADSL
همه دپارتمان ها,Care-عدم تمدید ADSL,برخورد نمایندگی,,ADSL
همه دپارتمان ها,Care-عدم تمدید ADSL,استفاده از تکنولوژی های دیگر,,ADSL
همه دپارتمان ها,Care-عدم تمدید ADSL,دریافت سرویس از پیشگامان روی خطی دیگر,,ADSL
همه دپارتمان ها,Care-عدم تمدید ADSL,عدم پاسخ,,ADSL
همه دپارتمان ها,Care-عدم تمدید ADSL,خودشان تمدید میکنند,,ADSL
همه دپارتمان ها,Care-عدم تمدید ADSL,نیاز به پیگیری مجدد,,ADSL
همه دپارتمان ها,Care-عدم تمدید ADSL,اختلالات خارج از شبکه پیشگامان,,ADSL
همه دپارتمان ها,Care-عدم تمدید ADSL,جابجا شدند-امکان سنجی جدید,,ADSL
همه دپارتمان ها,Care-عدم تمدید ADSL,دزدیدن کابل مخابراتی,,ADSL
همه دپارتمان ها,Care-عدم تمدید ADSL,عدم نیاز,,ADSL
همه دپارتمان ها,Care-عدم تمدید ADSL,در تماس جاری تمدید کردند,,ADSL
همه دپارتمان ها,Care-عدم تمدید ADSL,نارضایتی از پشتیبانی,,ADSL
همه دپارتمان ها,Care-عدم تمدید ADSL,عدم پاسخ 7-,,ADSL
همه دپارتمان ها,Care-عدم تمدید ADSL,عدم پاسخ 15-,,ADSL
همه دپارتمان ها,Care-عدم تمدید ADSL,بی پاسخ-30,,ADSL
همه دپارتمان ها,Care-عدم تمدید ADSL,عدم پاسخ -3,,ADSL
همه دپارتمان ها,Care-عدم تمدید ADSL,عدم تمدید-شرایط خاص,,ADSL
همه دپارتمان ها,Care-عدم تمدید TD-LTE,عدم پوشش به علت جا به جایی,,TD-LTE
همه دپارتمان ها,Care-عدم تمدید TD-LTE,هزینه سرویس ها,,TD-LTE
همه دپارتمان ها,Care-عدم تمدید TD-LTE,دلایل شخصی,,TD-LTE
همه دپارتمان ها,Care-عدم تمدید TD-LTE,برخورد نمایندگی,,TD-LTE
همه دپارتمان ها,Care-عدم تمدید TD-LTE,استفاده از تکنولوژی های دیگر,,TD-LTE
همه دپارتمان ها,Care-عدم تمدید TD-LTE,عدم پاسخ,,TD-LTE
همه دپارتمان ها,Care-عدم تمدید TD-LTE,خودشان تمدید میکنند,,TD-LTE
همه دپارتمان ها,Care-عدم تمدید TD-LTE,مشکلات فنی,,TD-LTE
همه دپارتمان ها,Care-عدم تمدید TD-LTE,نیاز به پیگیری مجدد,,TD-LTE
همه دپارتمان ها,Care-عدم تمدید TD-LTE,اختلالات خارج از شبکه پیشگامان,,TD-LTE
همه دپارتمان ها,Care-عدم تمدید TD-LTE,آنتن دهی ضعیف,,TD-LTE
همه دپارتمان ها,Care-عدم تمدید TD-LTE,"مفقودی , خرابی یا سوختن سیم کارت",,TD-LTE
همه دپارتمان ها,Care-عدم تمدید TD-LTE,عودت داده شده,,TD-LTE
همه دپارتمان ها,Care-عدم تمدید TD-LTE,در تماس جاری تمدید کردند,,TD-LTE
همه دپارتمان ها,Care-عدم تمدید TD-LTE,نارضایتی از پشتیبانی,,TD-LTE
همه دپارتمان ها,Care-عدم تمدید TD-LTE,عدم پاسخ 7-,,TD-LTE
همه دپارتمان ها,Care-عدم تمدید TD-LTE,عدم پاسخ 15-,,TD-LTE
همه دپارتمان ها,Care-عدم تمدید TD-LTE,عدم پاسخ -3,,TD-LTE
همه دپارتمان ها,Care-عدم تمدید TD-LTE,عدم پاسخ -3,,TD-LTE
همه دپارتمان ها,Care-عدم تمدید TD-LTE,عدم تمدید-شرایط خاص,,TD-LTE
همه دپارتمان ها,Voc-بررسی درخواست SLA,رد درخواست SLA,,
همه دپارتمان ها,Voc-بررسی درخواست SLA,اطلاع رسانی اعمال SLA,,
همه دپارتمان ها,Voc-بررسی درخواست SLA,اطلاع رسانی اعمال هدیه جلب رضایت,,
همه دپارتمان ها,Voc-بررسی درخواست SLA,شکایت - ضعف پشتیبانی فروش,,
همه دپارتمان ها,Voc-شکایات,شکایت - جمع آوری,,
همه دپارتمان ها,Voc-شکایات,شکایت - موارد مالی,,
همه دپارتمان ها,Voc-شکایات,شکایت - ترافیک مصرفی,,
همه دپارتمان ها,Voc-شکایات,شکایت - قطعی و وصلی,,
همه دپارتمان ها,Voc-شکایات,شکایت - کندی سرعت,,
همه دپارتمان ها,Voc-شکایات,شکایت - ضعف پشتیبانی فنی,,
همه دپارتمان ها,Voc-شکایات,شکایت - برخورد پرسنل نمایندگی,,
همه دپارتمان ها,Voc-شکایات,شکایت - برخورد پرسنل پیشگامان,,
همه دپارتمان ها,Voc-شکایات,شکایت - تحویل سرویس,,
همه دپارتمان ها,Voc-شکایات,شکایت - پروفایل کاربری,,
همه دپارتمان ها,Voc-شکایات,شکایت - SLA,,
همه دپارتمان ها,Voc-شکایات,شکایت - فرآیند رسیدگی به شکایات,,
همه دپارتمان ها,Voc-شکایات,شکایت - انتظار پشت خطوط فروش,,
همه دپارتمان ها,Voc-شکایات,شکایت - انتظار پشت خطوط فنی,,
همه دپارتمان ها,Voc-شکایات,شکایت - تنوع سرویس ها,,
همه دپارتمان ها,Voc-شکایات,شکایت - قیمت سرویس ها,,
همه دپارتمان ها,Voc-شکایات,شکایت - گران فروشی,,
همه دپارتمان ها,Voc-شکایات,شکایت - سامانه شاهکار,,
همه دپارتمان ها,Voc-شکایات,شکایت - عدم اطلاعرسانی,,
همه دپارتمان ها,Voc-شکایات,شکایت - شارژ و تمدید,,
همه دپارتمان ها,Voc-شکایات,شکایت - اختلال درگاه بانکی,,
همه دپارتمان ها,Voc-شکایات,شکایت -هدیه وفاداری,,
همه دپارتمان ها,Voc-شکایات,شکایت -موارد دیگر,,
همه دپارتمان ها,Voc-تمجید یا قدردانی,پیگیری رفع مشکل,,
همه دپارتمان ها,Voc-تمجید یا قدردانی,برخورد پرسنل,,
همه دپارتمان ها,Voc-تمجید یا قدردانی,موارد دیگر,,
همه دپارتمان ها,Voc-انتقاد,انتقاد - ضعف پشتیبانی فروش,,
همه دپارتمان ها,Voc-انتقاد,انتقاد - جمع آوری,,
همه دپارتمان ها,Voc-انتقاد,انتقاد - موارد مالی,,
همه دپارتمان ها,Voc-انتقاد,انتقاد - ترافیک مصرفی,,
همه دپارتمان ها,Voc-انتقاد,انتقاد - قطعی و وصلی,,
همه دپارتمان ها,Voc-انتقاد,انتقاد - کندی سرعت,,
همه دپارتمان ها,Voc-انتقاد,انتقاد - ضعف پشتیبانی فنی,,
همه دپارتمان ها,Voc-انتقاد,انتقاد - برخورد پرسنل نمایندگی,,
همه دپارتمان ها,Voc-انتقاد,انتقاد - نصب,,
همه دپارتمان ها,Voc-انتقاد,انتقاد - جبران خسارت,,
همه دپارتمان ها,Voc-انتقاد,انتقاد - پروفایل کاربری,,
همه دپارتمان ها,Voc-انتقاد,انتقاد - SLA,,
همه دپارتمان ها,Voc-انتقاد,انتقاد - فرآیند رسیدگی به شکایات,,
همه دپارتمان ها,Voc-انتقاد,انتقاد - انتظار پشت خطوط فروش,,
همه دپارتمان ها,Voc-انتقاد,انتقاد - انتظار پشت خطوط فنی,,
همه دپارتمان ها,Voc-انتقاد,انتقاد - تنوع سرویس ها,,
همه دپارتمان ها,Voc-انتقاد,انتقاد - قیمت سرویس ها,,
همه دپارتمان ها,Voc-انتقاد,انتقاد - گران فروشی,,
همه دپارتمان ها,Voc-انتقاد,انتقاد - سامانه شاهکار,,
همه دپارتمان ها,Voc-انتقاد,انتقاد - عدم اطلاع رسانی,,
همه دپارتمان ها,Voc-انتقاد,انتقاد - شارژ و تمدید,,
همه دپارتمان ها,Voc-انتقاد,انتقاد - موارد دیگر,,
همه دپارتمان ها,Voc-پیشنهاد,تعرفه,,
همه دپارتمان ها,Voc-پیشنهاد,موارد دیگر,,
همه دپارتمان ها,Voc-درخواست,جمع آوری,,
همه دپارتمان ها,Voc-درخواست,ارتباط با واحد دیگر,,
همه دپارتمان ها,Voc-درخواست,سایر موارد,,
همه دپارتمان ها,Happy Call,بی پاسخ,,
همه دپارتمان ها,Happy Call,فرم کامل شد-رضایت کلی داشتند,,
همه دپارتمان ها,Happy Call,فرم کامل شد-تیکت فنی ثبت شد,,
همه دپارتمان ها,Happy Call,فرم کامل شد-ثبت تیکت به واحد QC,,
همه دپارتمان ها,sale-عدم تمدید ADSL/LTE سرویس ویژه,بی پاسخ,تماس با مشترک ناموفق بود,
همه دپارتمان ها,sale-عدم تمدید ADSL/LTE سرویس ویژه,سرویس معرفی شد-تمدید میکنند,,
همه دپارتمان ها,sale-عدم تمدید ADSL/LTE سرویس ویژه,نیاز به پیگیری مجدد,,
همه دپارتمان ها,sale-عدم تمدید ADSL/LTE سرویس ویژه,عدم نیاز به سرویس,,
همه دپارتمان ها,sale-عدم تمدید ADSL/LTE سرویس ویژه,روی خط دیگری از پیشگامان دارند,,
همه دپارتمان ها,sale-عدم تمدید ADSL/LTE سرویس ویژه,از تکنولوژی دیگری استفاده میکنند,,
همه دپارتمان ها,sale-عدم تمدید ADSL/LTE سرویس ویژه,مشکلات خارج از شبکه پیشگامان,,
همه دپارتمان ها,sale-عدم تمدید ADSL/LTE سرویس ویژه,مشکلات فنی-تیکت ثبت شد,,
همه دپارتمان ها,sale-عدم تمدید ADSL/LTE سرویس ویژه,مشکلات فنی-عدم همکاری جهت پیگیری و حل مشکل,,
همه دپارتمان ها,sale-عدم تمدید ADSL/LTE سرویس ویژه,نارضایتی از برخورد پشتیبانی فنی,,
همه دپارتمان ها,پشتیبانی فنی و فروش FD-LTE,انجام تنظیمات مودم به صورت تلفنی,مشترک جهت انجام تنظیمات مودم  به صورت تلفنی راهنمایی شدند,FD-LTE
همه دپارتمان ها,پشتیبانی فنی و فروش FD-LTE,قطعی اینترنت,بررسی عدم اختلال\r\nتحت پوشش بودن\r\nبررسی لاگ کانکشن مشترک\r\nبررسی وضعیت روز و حجم مشترک\r\nمودم خاموش و روشن شد\r\nریست ریکانفیگ( معمولا باید خودکار APN اد شود)\r\nبررسی مدل مودم و اطمینان از پشتیبانی تکنولوژی FD\r\nنکته: مودم های FDLTE باندهای 3 و 7 یا به عبارتی دیگر فرکانس 1800 و 2600  را پشتیبانی میکنند.,FD-LTE
همه دپارتمان ها,پشتیبانی فنی و فروش FD-LTE,کندی سرعت,بررسی وضعیت نمایشگرهای آنتن مودم  \r\nراهنمایی جهت جا به جا کردن مودم و پیدا کردن بهترین قسمت از لحاظ پوشش دهی\r\nتست سرعت پیشگامان و بررسی سرعت دریافتی\r\n\r\n,FD-LTE
همه دپارتمان ها,پشتیبانی فنی و فروش FD-LTE,قطع و وصلی,بررسی کانکشن لاگ مشترک\r\nوضعیت نمایشگرهای آنتن روی مودم\r\nاستیبل کردن مودم در بهترین محل\r\nمانیتورینگ یک ساعته...\r\n\r\n*مانیتور شد مشکل برطرف نشده است.\r\nنرم افزار LteWatcher جهت بررسی پارامترها نصب گردید.جهت بررسی بیشتر به همراه مختصات جغرافیایی محل مشترک برای واحد CS با شماره            تیکت شد.,FD-LTE
همه دپارتمان ها,پشتیبانی فنی و فروش FD-LTE,قطعی وایرلس مودم,بررسی چراغ وایرلس مودم( معمولا چراغ باید چشمک زن باشد که نشان دهنده فعال بودن وایرلس مودم است )\r\nروشن بودن وایرلس دیوایس مشترک( اگر دکمه WPS دارند یک بار دکمه مربوطه را فشار داده و مجددا تست شود)\r\nبررسی نمایش اسم وایرلس\r\nفراموش کردن و اضافه کردن مجدد SSID \r\n بررسی رمز وایرلس مودم\r\n تنظیمات مجدد وایرلس مودم\r\n,FD-LTE
همه دپارتمان ها,پشتیبانی فنی و فروش FD-LTE,قطع و وصلی وایرلس,بررسی نمایش اسم وایرلس مودم/ بررسی TCP/IP / با سایر دستگاه ها بررسی شد/ فراموش کردن و اضافه کردن مجدد SSID  انجام شد/ تغییر به چنل های تمیز/در حال مانیتورینگ,FD-LTE
همه دپارتمان ها,پشتیبانی فنی و فروش FD-LTE,تمدید و تغییر سرویس,تعرفه ها به مشترک اعلام شد\r\nاعلام شماره کارت\r\nراهنمایی در مورد روش های پرداخت صورت گرفت/,FD-LTE
همه دپارتمان ها,پشتیبانی فنی و فروش FD-LTE,خرید ترافیک,تعرفه ها به مشترک اعلام شد\r\nاعلام شماره کارت\r\nراهنمایی در مورد روش های پرداخت صورت گرفت/,FD-LTE
همه دپارتمان ها,پشتیبانی فنی و فروش FD-LTE,خرید IP,تعرفه ها به مشترک اعلام شد\r\nاعلام شماره کارت\r\nراهنمایی در مورد روش های پرداخت صورت گرفت\r\n,FD-LTE
همه دپارتمان ها,پشتیبانی فنی و فروش FD-LTE,ثبت واریزی,اطلاعات واریزی مشترک ثبت گردید\r\nتصویر فیش واریزی در پنل مشترک آپلود گردید\r\nسرویس جدید رزرو شد,FD-LTE
همه دپارتمان ها,پشتیبانی فنی و فروش FD-LTE,اعلام اطلاعات کاربری,اعلام/ارسال نام کاربری و رمزعبور پنل\r\nاعلام/ارسال نام کاربری و رمزعبور اینترنت\r\nاعلام باقی مانده سرویس/ترافیک\r\nاعلام باقی مانده زمان IP,FD-LTE
همه دپارتمان ها,پشتیبانی فنی و فروش FD-LTE,درخواست برگشت از فروش,,FD-LTE
همه دپارتمان ها,پشتیبانی فنی و فروش FD-LTE,اختلال,,FD-LTE
همه دپارتمان ها,پشتیبانی فنی و فروش FD-LTE,درخواست/پیگیری جبران خسارت-SLA,,FD-LTE
همه دپارتمان ها,پشتیبانی فنی و فروش FD-LTE,مشکلات شاهکار,,FD-LTE
همه دپارتمان ها,پشتیبانی فنی و فروش FD-LTE,اعمال آغاز دوره,,FD-LTE
همه دپارتمان ها,پشتیبانی فنی و فروش FD-LTE,اعلام زمان| ترافیک باقی مانده,,FD-LTE
همه دپارتمان ها,پشتیبانی فنی و فروش FD-LTE,درخواست فاکتور رسمی,,FD-LTE
همه دپارتمان ها,پشتیبانی فنی و فروش FD-LTE,پیگیری ارسال مودم,,FD-LTE
همه دپارتمان ها,پشتیبانی فنی و فروش FD-LTE,نوسان پینگ/مشکل در بازی آنلاین,,FD-LTE
همه دپارتمان ها,پشتیبانی فنی و فروش FD-LTE,عدم پاسخ 15-,,FD-LTE
همه دپارتمان ها,BW-مشکلات فنی,پینگ,,WIRELESS
همه دپارتمان ها,BW-مشکلات فنی,سایت خاص,,WIRELESS
همه دپارتمان ها,BW-مشکلات فنی,پورت فوروارد,,WIRELESS
همه دپارتمان ها,BW-مشکلات فنی,بررسی شبکه داخلی مشترک,,WIRELESS
همه دپارتمان ها,BW-مشکلات فنی,"پروتکل ارتباطی (Tunnel -VPN -RDP ,..)",,WIRELESS
همه دپارتمان ها,BW-مشکلات فنی,بازی خاص,,WIRELESS
همه دپارتمان ها,BW-مشکلات فنی,نرم افزار خاص,,WIRELESS
همه دپارتمان ها,BW-مشکلات فنی,نرم افزار خاص,,WIRELESS
همه دپارتمان ها,BW-مشکلات فنی,مشکل شبکه داخلی مشترک,,WIRELESS
همه دپارتمان ها,BW-غیره,عدم دسترسی به رادیو مشترک,,WIRELESS
همه دپارتمان ها,BW-غیره,سوال فنی مشترک,,WIRELESS
همه دپارتمان ها,BW-غیره,مانیتور کردن مشکل مشترک,,WIRELESS
همه دپارتمان ها,BW-غیره,پیگیری تیکت,,WIRELESS
همه دپارتمان ها,مشکلات شاهکار(ویژه خروجی ها),شاهکار با موفقیت اخذ شد,,
همه دپارتمان ها,مشکلات شاهکار(ویژه خروجی ها),CustomerNotIdentified,خطای دریافتی: اطلاعات ارسالی با مرجع تطبیق در یکی یا بیشتر از فیلدهای زیر مشابهت ندارد\r\n\r\nنام،نام خانوادگی،نام پدر،تاریخ تولد،جنسیت برای مشترکین حقیقی\r\n \r\n\r\nشماره ثبت شرکت،نام شرکت،تاریخ ثبت،فعال یا غیر فعال بودن برای مشترکین حقوقی ایرانی\r\n \r\n,
همه دپارتمان ها,مشکلات شاهکار(ویژه خروجی ها),CustomerNotFound,خطای دریافتی: شخص مورد نظر در مرجع تطبیق یافت نشد,
همه دپارتمان ها,مشکلات شاهکار(ویژه خروجی ها),RequiredField:address.postalCode,کد پستی مشترک غیرمعتبر است.,
همه دپارتمان ها,مشکلات شاهکار(ویژه خروجی ها),InvalidField:person.identificationNo,شماره ملی/هویتی غیرمعتبر است.,
همه دپارتمان ها,مشکلات شاهکار(ویژه خروجی ها),عدم همکاری جهت اخذ شاهکار,,
همه دپارتمان ها,مشکلات شاهکار(ویژه خروجی ها),عدم پاسخگویی | نیاز به تماس مجدد,,
همه دپارتمان ها,مشکلات شاهکار(ویژه خروجی ها),مشترک جمع شده است,,
همه دپارتمان ها,FTTH,نصب اولیه,,FTTH
همه دپارتمان ها,FTTH,قطعی اینترنت,تنظیمات مودم بررسی شد(مودم ریست نشود)\r\nوضعیت چراغ PON:\r\nوضعیت چراغ LOS:,FTTH
همه دپارتمان ها,FTTH,مشکل رجیستری,,FTTH
همه دپارتمان ها,FTTH,مالی,خرید سرویس \r\nخرید ترافیک\r\nراهنمایی در خصوص تعرفه ها,FTTH
همه دپارتمان ها,FTTH,افت سرعت,,FTTH
همه دپارتمان ها,FTTH,قطع و وصلی,,FTTH
همه دپارتمان ها,FTTH,قطعی وایرلس مودم,,FTTH
همه دپارتمان ها,FTTH,خرید ترافیک,,FTTH
همه دپارتمان ها,FTTH,خرید IP,,FTTH
همه دپارتمان ها,FTTH,ثبت واریزی,,FTTH
همه دپارتمان ها,FTTH,اعلام اطلاعات کاربری,,FTTH
همه دپارتمان ها,FTTH,درخواست برگشت از فروش,,FTTH
همه دپارتمان ها,FTTH,مشکلات شاهکار,,FTTH
همه دپارتمان ها,FTTH,اعلام زمان/ ترافیک باقی مانده,,FTTH
همه دپارتمان ها,FTTH,مشکلات شاهکار,,FTTH
همه دپارتمان ها,FTTH,مغایرت مالی,,FTTH
همه دپارتمان ها,FTTH,درخواست/پیگیری جبران خسارت SLA,,FTTH
همه دپارتمان ها,FTTH,انتقال اعتبار,,FTTH
همه دپارتمان ها,FTTH,درخواست فاکتور رسمی,,FTTH
همه دپارتمان ها,FTTH,اعمال آغاز دوره,,FTTH
همه دپارتمان ها,FTTH,اعمال شارژ رایگان,,FTTH
همه دپارتمان ها,FTTH,اعلام شماره کارت / همراه,,FTTH
همه دپارتمان ها,FTTH,اختلال,,FTTH
همه دپارتمان ها,FTTH,اعلام استعلام منفی,,FTTH
همه دپارتمان ها,FTTH,انتقال تماس به واحد دیگر,,FTTH
همه دپارتمان ها,FTTH,نوسان پینگ/مشکل در بازی آنلاین,,FTTH
همه دپارتمان ها,FTTH,تمدید/تغییر سرویس,,FTTH
همه دپارتمان ها,FTTH,ساکن جدید,,FTTH
همه دپارتمان ها,پیگیری درخواست جمع آوری,تعرفه-رقبا,,ADSL
همه دپارتمان ها,پیگیری درخواست جمع آوری,تعرفه-مخابرات,,ADSL
همه دپارتمان ها,پیگیری درخواست جمع آوری,تعرفه-هزینه سرویس های تمدید پیشگامان,,ADSL
همه دپارتمان ها,پیگیری درخواست جمع آوری,فنی-تیکت فنی ثبت شد,,ADSL
همه دپارتمان ها,پیگیری درخواست جمع آوری,فنی-حاضر به همکاری نشدند,,ADSL
همه دپارتمان ها,پیگیری درخواست جمع آوری,فنی- از جمع آوری منصرف شدند/ ادامه سرویس را استفاده میکنند,,ADSL
همه دپارتمان ها,پیگیری درخواست جمع آوری,ساکن جدید,,ADSL
همه دپارتمان ها,پیگیری درخواست جمع آوری,جابجایی,,ADSL
همه دپارتمان ها,پیگیری درخواست جمع آوری,فنی-بی پاسخ,,ADSL
همه دپارتمان ها,پیگیری درخواست جمع آوری,تعرفه-بی پاسخ,,ADSL
همه دپارتمان ها,پیگیری درخواست جمع آوری,تغییر انشعاب,,ADSL
همه دپارتمان ها,پیگیری درخواست جمع آوری,تغییر انشعاب,,ADSL
همه دپارتمان ها,پیگیری درخواست جمع آوری,عدم نیاز,,ADSL
همه دپارتمان ها,پیگیری درخواست جمع آوری,خاموش شدن تجهیزات,,ADSL
همه دپارتمان ها,فروش FTTH,جهت پرداخت راهنمایی شدند,,FTTH
همه دپارتمان ها,فروش FTTH,منصرف شدند,,FTTH
همه دپارتمان ها,فروش FTTH,بی پاسخ,,FTTH
همه دپارتمان ها,فروش FTTH,پرداختی ثبت شد,,FTTH
همه دپارتمان ها,فروش FTTH,نیاز به پیگیری مجدد,,FTTH
همه دپارتمان ها,فروش FTTH,تماس خروجی,,FTTH
همه دپارتمان ها,فروش FTTH,تماس ورودی,,FTTH
همه دپارتمان ها,فروش FTTH,تماس ورودی,,FTTH
همه دپارتمان ها,Care-عدم تمدید FD-LTE,استفاده از تکنولوژی های دیگر,,FD-LTE
همه دپارتمان ها,Care-عدم تمدید FD-LTE,آنتن دهی ضعیف,,FD-LTE
همه دپارتمان ها,Care-عدم تمدید FD-LTE,برخورد نمایندگی,,FD-LTE
همه دپارتمان ها,Care-عدم تمدید FD-LTE,خودشان تمدید میکنند,,FD-LTE
همه دپارتمان ها,Care-عدم تمدید FD-LTE,دلایل شخصی,,FD-LTE
همه دپارتمان ها,Care-عدم تمدید FD-LTE,عدم پاسخ,,FD-LTE
همه دپارتمان ها,Care-عدم تمدید FD-LTE,عودت داده شده,,FD-LTE
همه دپارتمان ها,Care-عدم تمدید FD-LTE,مشکلات فنی,,FD-LTE
همه دپارتمان ها,Care-عدم تمدید FD-LTE,"مفقودی , خرابی یا سوختن سیم کارت",,FD-LTE
همه دپارتمان ها,Care-عدم تمدید FD-LTE,نیاز به پیگیری مجدد,,FD-LTE
همه دپارتمان ها,Care-عدم تمدید FD-LTE,تعرفه ها,,FD-LTE
همه دپارتمان ها,Care-عدم تمدید FD-LTE,نارضایتی از پشتیبانی,,FD-LTE
همه دپارتمان ها,Care-عدم تمدید FD-LTE,در تماس جاری تمدید کردند,,FD-LTE
همه دپارتمان ها,Care-عدم تمدید FD-LTE,عدم پاسخ 7-,,FD-LTE
همه دپارتمان ها,Care-عدم تمدید FD-LTE,عدم پاسخ 15-,,FD-LTE
همه دپارتمان ها,Care-عدم تمدید FD-LTE,عدم پاسخ -3,,FD-LTE
همه دپارتمان ها,Care-عدم تمدید FD-LTE,عدم تمدید-شرایط خاص,,FD-LTE
همه دپارتمان ها,Care-عدم تمدید وایرلس,اختلالات خارج از شبکه پیشگامان,,WIRELESS
همه دپارتمان ها,Care-عدم تمدید وایرلس,استفاده از تکنولوژی های دیگر,,WIRELESS
همه دپارتمان ها,Care-عدم تمدید وایرلس,عدم دید درست به پاپ سایت,,WIRELESS
همه دپارتمان ها,Care-عدم تمدید وایرلس,جا به جایی ( تحت پوشش نبودن یا عدم اقدام),,WIRELESS
همه دپارتمان ها,Care-عدم تمدید وایرلس,به زودی تمدید میکنند,,WIRELESS
همه دپارتمان ها,Care-عدم تمدید وایرلس,دلایل شخصی,,WIRELESS
همه دپارتمان ها,Care-عدم تمدید وایرلس,عدم پاسخ,,WIRELESS
همه دپارتمان ها,Care-عدم تمدید وایرلس,در پروسه عودت یا عودت داده شده,,WIRELESS
همه دپارتمان ها,Care-عدم تمدید وایرلس,مشکلات فنی,,WIRELESS
همه دپارتمان ها,Care-عدم تمدید وایرلس,نیاز به پیگیری مجدد,,WIRELESS
همه دپارتمان ها,Care-عدم تمدید وایرلس,تعرفه ها,,WIRELESS
همه دپارتمان ها,Care-عدم تمدید وایرلس,نارضایتی از پشتیبانی,,WIRELESS
همه دپارتمان ها,Care-عدم تمدید وایرلس,عدم پاسخ 7-,,WIRELESS
همه دپارتمان ها,Care-عدم تمدید وایرلس,عدم پاسخ 15-,,WIRELESS
همه دپارتمان ها,Care-عدم تمدید وایرلس,عدم پاسخ,,WIRELESS
همه دپارتمان ها,تماس ورودی-ثبت نام انجام شد,معرفی دوستان,,
همه دپارتمان ها,تماس ورودی-ثبت نام انجام شد,تلگرام,,
همه دپارتمان ها,تماس ورودی-ثبت نام انجام شد,اینستاگرام,,
همه دپارتمان ها,تماس ورودی-ثبت نام انجام شد,شبکه های اجتماعی ایرانی,,
همه دپارتمان ها,تماس ورودی-ثبت نام انجام شد,سایت(تبلیغات همسان،بنری،رپورتاژ),,
همه دپارتمان ها,تماس ورودی-ثبت نام انجام شد,گوگل,,
همه دپارتمان ها,تماس ورودی-ثبت نام انجام شد,تراکت,,
همه دپارتمان ها,تماس ورودی-ثبت نام انجام شد,پیامک,,
همه دپارتمان ها,تماس ورودی-ثبت نام انجام شد,مشاهده تجهیزات در محیط,,
همه دپارتمان ها,تماس ورودی-ثبت نام انجام شد,مشترک قبلی پیشگامان,,
همه دپارتمان ها,تماس ورودی-ثبت نام انجام شد,سایت نت سنج پلاس,,
همه دپارتمان ها,تماس ورودی-ثبت نام انجام شد,پنل بازاریابان,,
همه دپارتمان ها,تماس ورودی-ثبت نام انجام شد,بنر,,
همه دپارتمان ها,تماس ورودی-ثبت نام انجام شد,مراجعه بازاریاب حضوری,,
همه دپارتمان ها,تماس ورودی-ثبت نام انجام شد,کانتر فروش حضوری,,
همه دپارتمان ها,تماس ورودی-ثبت نام انجام شد,رقبا-انصراف از جمع آوری,,
همه دپارتمان ها,درخواست جشنواره,بی پاسخ,,ADSL
همه دپارتمان ها,درخواست جشنواره,سرویس های مورد تایید معرفی شد-تمدید میکنند,,ADSL
همه دپارتمان ها,Care-عدم تمدید FTTH,جا به جایی,,FTTH
همه دپارتمان ها,Care-عدم تمدید FTTH,هزینه|تعرفه ها,,FTTH
همه دپارتمان ها,Care-عدم تمدید FTTH,مشکلات فنی,,FTTH
همه دپارتمان ها,Care-عدم تمدید FTTH,دلایل شخصی,,FTTH
همه دپارتمان ها,Care-عدم تمدید FTTH,استفاده از تکنولوژی های دیگر,,FTTH
همه دپارتمان ها,Care-عدم تمدید FTTH,خرید سرویس های دیگر پیشگامان,,FTTH
همه دپارتمان ها,Care-عدم تمدید FTTH,عدم پاسخ,,FTTH
همه دپارتمان ها,Care-عدم تمدید FTTH,به زودی تمدید میکنند,,FTTH
همه دپارتمان ها,Care-عدم تمدید FTTH,نیاز به پیگیری مجدد,,FTTH
همه دپارتمان ها,Care-عدم تمدید FTTH,اختلالات خارج از شبکه پیشگامان,,FTTH
همه دپارتمان ها,Care-عدم تمدید FTTH,قطع فیزیکی فیبر مشترک,,FTTH
همه دپارتمان ها,Care-عدم تمدید FTTH,عدم نیاز,,FTTH
همه دپارتمان ها,Care-عدم تمدید FTTH,در تماس جاری تمدید کردند,,FTTH
همه دپارتمان ها,Care-عدم تمدید FTTH,نارضایتی از پشتیبانی,,FTTH
همه دپارتمان ها,Care-عدم تمدید FTTH,عدم پاسخ 7-,,FTTH
همه دپارتمان ها,Care-عدم تمدید FTTH,عدم پاسخ   15-,,FTTH
همه دپارتمان ها,Care-عدم تمدید FTTH,عدم پاسخ,,FTTH
همه دپارتمان ها,Care-عدم تمدید FTTH,عدم تمدید-شرایط خاص,,FTTH
همه دپارتمان ها,پشتیبانی فنی و فروش HotSpot,باز نشدن صفحه لاگین,,HOTSPOT
همه دپارتمان ها,پشتیبانی فنی و فروش HotSpot,آنلاین بدون اینترنت,,HOTSPOT
همه دپارتمان ها,پشتیبانی فنی و فروش HotSpot,افت سرعت,,HOTSPOT
همه دپارتمان ها,پشتیبانی فنی و فروش HotSpot,قطع و وصلی اینترنت,,HOTSPOT
همه دپارتمان ها,پشتیبانی فنی و فروش HotSpot,راهنمایی در خصوص ثبت نام,,HOTSPOT
همه دپارتمان ها,پشتیبانی فنی و فروش HotSpot,راهنمایی درخصوص اطلاعات کاربری,,HOTSPOT
همه دپارتمان ها,پشتیبانی فنی و فروش HotSpot,اتمام زمان|ترافیک|IP,,HOTSPOT
همه دپارتمان ها,پشتیبانی فنی و فروش HotSpot,اختلالات,,HOTSPOT
همه دپارتمان ها,کابل برق,کابل وجود نداشت,تستتتتتتتت,
همه دپارتمان ها,تماس ورودی-درخواست جمع آوری,تیکت به صف sales-care ثبت شد,,
همه دپارتمان ها,تماس ورودی-درخواست جمع آوری,تعرفه و هزینه-انصراف از جمع آوری,,
همه دپارتمان ها,تماس ورودی-درخواست جمع آوری,مشکلات فنی-انصراف از جمع آوری,,
همه دپارتمان ها,تماس ورودی-درخواست جمع آوری,جابجایی-انصراف از جمع آوری,,
همه دپارتمان ها,تماس ورودی-درخواست جمع آوری,سایر-انصراف از جمع آوری,,
همه دپارتمان ها,تماس ورودی-درخواست جمع آوری,عدم امکان ارائه سرویس طبق نظر فنی,,
همه دپارتمان ها,تماس ورودی-درخواست جمع آوری,راهنمایی روال احراز هویت جمع آوری,,
همه دپارتمان ها,تماس ورودی-درخواست جمع آوری,ثبت فیش/پیش فاکتور/تیکت به sales-care,,
همه دپارتمان ها,تماس ورودی-درخواست جمع آوری,ساکن جدید,,
همه دپارتمان ها,تماس ورودی-درخواست جمع آوری,درخواست جشنواره,,
همه دپارتمان ها,تماس ورودی-درخواست جمع آوری,انتقال به واحد دیگر,,
همه دپارتمان ها,تماس ورودی-درخواست جمع آوری,تغییر انشعاب,,
همه دپارتمان ها,تماس ورودی-درخواست جمع آوری,منصرف شدند/لینک پرداخت ارسال شد,,
همه دپارتمان ها,fd-تماس ورودی,فروش,,FD-LTE
همه دپارتمان ها,fd-تماس خروجی,فروش,,FD-LTE
همه دپارتمان ها,مشکلات مربوط به IP,بن شدن IP,در صورت بن شدن IP شما باید IP جدید خریداری کنید با تاسف,DATACENTER
